{"id":"2" ,"Formatted_Date":"2003-7-2","Temperature":3.8731481481,"Apparent_Temperature":-0.4472222222,"Humidity":0.8183333333,"Wind_Speed":21.37275,"Wind_Bearing":142.0416666667,"Visibility":11.1123541667,"Pressure":1012.2791666667,"Precip_Type":"rain"}
{"id":"3" ,"Formatted_Date":"2003-8-2","Temperature":3.8731481481,"Apparent_Temperature":-0.4472222222,"Humidity":0.8183333333,"Wind_Speed":21.37275,"Wind_Bearing":142.0416666667,"Visibility":11.1123541667,"Pressure":1012.2791666667,"Precip_Type":"snow"}